quarter,met_nominal_usd_t,met_real_usd_t,steam_nominal_usd_t,steam_real_usd_t
2000-Q1,44.63258497932846,87.98169860558328,32.37488320184927,63.81878212017735
2000-Q2,42.10829207731162,82.1356891307716,33.16854734571483,64.69798130745856
2000-Q3,43.574366120841056,84.3243279211978,31.76861198084086,61.478045299492045
2000-Q4,41.52406708252169,79.92567702338512,33.45514828655517,64.39459245181148
2001-Q1,43.265718953782226,82.48805085451326,32.97013130974844,62.859047160725886
2001-Q2,44.22472979428644,83.44573781350022,34.88815299075687,65.82895318537591
2001-Q3,47.60882551882431,89.71313166489279,36.343203921177064,68.48441655456159
2001-Q4,49.317408050757116,93.1948778610904,36.023533641008996,68.07350488378262
2002-Q1,51.61021557747984,97.1803823167184,36.59673552268968,68.91048041253846
2002-Q2,48.76625239529492,90.83810506418476,40.102085491429236,74.6991469763798
2002-Q3,49.9677717242025,92.68108622465869,43.475158102857854,80.63847431503504
2002-Q4,50.37562690924453,93.14532199848426,32.83785395243751,60.717705521550236
2003-Q1,51.08110614823614,93.50354610675495,29.663197376975276,54.29823965759118
2003-Q2,49.18513069344618,89.70618010720841,28.538839839832402,52.05049311913101
2003-Q3,47.50961750084112,86.22776776466549,28.130984654790378,51.05644160914764
2003-Q4,48.49067456756382,87.99244944010042,32.69455348201734,59.328393962113616
2004-Q1,59.63504192100938,107.24702760934001,39.4406987048746,70.92973471094614
2004-Q2,72.002974829581,127.66173169590539,48.49067456756382,85.97427399422656
2004-Q3,74.21862056453904,131.12739196576635,46.92539250605119,82.90647669660883
2004-Q4,75.43116300655586,132.47779264559293,46.84823071428649,82.27833095773344
2005-Q1,81.18522804958117,141.69205119163965,60.88065370235394,106.25460946794647
2005-Q2,89.584840238825,154.28858500360724,53.12038207344625,91.4872266681904
2005-Q3,94.71058783462341,161.15553359046137,50.57404294521092,86.05465410999032
2005-Q4,94.77672651327887,160.45303831242336,49.394569842521825,83.62294308885429
2006-Q1,101.30240947395124,170.5811718779367,51.91886274453867,87.42517078836582
2006-Q2,99.29620288806886,164.4203758944405,51.147244826891594,84.69255596694093
2006-Q3,99.92452033529577,164.5389930620222,51.455891993950424,84.7289596926111
2006-Q4,99.97963590084198,166.0445138029948,49.60400899159745,82.38151180964459
2007-Q1,101.20320145596806,166.380886373975,52.09523255428657,85.64601557601631
2007-Q2,95.3389052818503,153.79113765446579,42.505124149244395,68.56499327039197
2007-Q3,96.99237224823688,156.02781879338949,56.60368581596732,91.05612563973806
2007-Q4,99.41745713227054,158.7995520465009,58.11385231193373,92.82528422099487
2008-Q1,109.01858865042196,172.17816800280855,64.76078951680779,102.27975096223462
2008-Q2,143.2012624021872,221.30603693612514,64.15451829579938,99.14564967810395
2008-Q3,164.57507872101112,251.41347364740443,57.20995703697573,87.39691414802604
2008-Q4,172.67706685630537,271.4690759865456,66.42527959630361,104.42851272868967
2009-Q1,147.55539208033858,233.13494440993253,84.86694782806862,134.08829650471165
2009-Q2,127.0413785840357,198.6172180828248,78.0546639265559,122.03110813401149
2009-Q3,123.06203475159866,191.0981948705742,77.84522477748027,120.88278862199883
2009-Q4,124.46197011647263,192.88403877649074,84.24965349395097,130.56529168087138
2010-Q1,129.36725545008616,199.6844060093012,70.71327059579949,109.14923862897642
2010-Q2,158.43520471916224,243.39583862844566,73.17142481916086,112.40948840295154
2010-Q3,179.16968047765,274.99271292348925,71.83762813294236,110.25762951411218
2010-Q4,177.06426587378442,270.9621746344197,72.62026916369867,111.13109671241715
2011-Q1,187.78975492907873,283.7860452698853,91.48081569361494,138.2449160421917
2011-Q2,210.80601510117995,313.1095206797891,86.32199875848882,128.2137971367616
2011-Q3,222.21493716924735,328.7123083609529,84.3598846250434,124.78968678438278
2011-Q4,199.9702949147932,296.2573112981166,92.31857228991748,136.77057395522442
2012-Q1,186.24651909378457,273.7474066841806,89.43051665529558,131.44606477442926
2012-Q2,173.2392456248768,252.53931442294908,82.18833134252236,119.80994708179615
2012-Q3,163.15309712991865,237.31574263593413,84.66853179210223,123.15534215165259
2012-Q4,144.501989749078,210.1108888059255,80.75532663832065,117.42103679855138
2013-Q1,131.6159705243719,190.2510624979501,80.94271956117781,117.0028100437561
2013-Q2,131.42857760151477,188.9579598484453,76.57756676991723,110.097370382215
2013-Q3,123.3706819186575,176.70502505242953,72.86277765210203,104.36206358082192
2013-Q4,121.992792780002,175.22044463676178,74.45010593983316,106.93402756634039
2014-Q1,118.01344894756497,168.22428032364428,75.25479319680795,107.27322639356616
2014-Q2,107.21079810050597,151.04185309873267,75.57446347697604,106.47161678438323
2014-Q3,107.45330658890933,151.21010501329383,72.002974829581,101.3238003638526
2014-Q4,105.23766085395131,149.29154723991934,71.91478992470705,102.01927874654169
2015-Q1,104.5321816149597,149.1006582832364,68.68501778369861,97.96965114023475
2015-Q2,102.45983635042185,144.40381904851745,62.80969849647162,88.52210445814443
2015-Q3,94.41296378067382,132.7141881506898,60.15312823714385,84.55590481474772
2015-Q4,88.74708364252247,125.31350224704063,54.45417875966476,76.89090809842016
2016-Q1,75.35400121479115,106.33334688010997,48.2591891922697,68.09938452912836
2016-Q2,76.40119696016933,106.5617853974593,63.11834566353045,88.03531715277043
2016-Q3,84.05123745798457,116.84308528925243,48.19305051361424,66.99514346027694
2016-Q4,130.14989648084247,180.5249270123944,59.57992635546316,82.64057173727379
2017-Q1,173.65812392302806,238.9834548981748,62.41286642453884,85.89084179468489
2017-Q2,161.46656082420432,221.00456766530093,58.95160890823626,80.6889969875771
2017-Q3,138.96838696823758,189.45915585418564,65.88514705395066,89.82290588882901
2017-Q4,134.5260723852123,182.72559955287957,63.713593771429615,86.54162286263879
2018-Q1,163.93573816067496,220.71668288718396,64.44111923663972,86.76100915535756
2018-Q2,150.9835802573134,201.19985618232653,69.19208098672382,92.20497169135311
2018-Q3,148.2939406586579,196.9710355073108,69.17003476050533,91.87491621261987
2018-Q4,157.1344773722715,208.83352336090786,76.45631252571555,101.61131659286264
2019-Q1,167.02220983126327,221.23304583931485,72.66436161613565,96.24922374424256
2019-Q2,161.77520799126316,211.7452164462356,72.5541304850432,94.96504596955046
2019-Q3,144.64529021949818,188.80647308853057,69.02673429008516,90.10106191741946
2019-Q4,129.4333941287416,168.59115300512443,65.31194517226999,85.07090628132876
2020-Q1,125.82883614201887,163.2115464742303,63.0301607586565,81.75590212349093
2020-Q2,118.33311922773304,154.3223089578215,70.90066351865661,92.46400477100212
2020-Q3,107.05647451697655,138.05398634040404,79.52073797008534,102.54545484551838
2020-Q4,109.33825893059003,140.67296887265016,66.83313478134563,85.98651177284785
2021-Q1,126.97523990538023,161.6299703606239,69.18105787361458,88.06230523337751
2021-Q2,134.09617097395179,166.79180644544263,68.68501778369861,85.43195610041539
2021-Q3,172.84241355294404,211.5976209383779,72.81868519966507,89.14629361727835
2021-Q4,262.53748492286144,316.59915124382815,74.9902384821861,90.43221337329483
2022-Q1,317.1900797184926,373.9664073643099,88.86833788672415,104.77557519273905
2022-Q2,379.0958829400063,434.0454276801724,114.90493105075818,131.5602785071128
2022-Q3,287.91269130034084,325.36784161502,154.54404579159916,174.6489964946047
2022-Q4,260.8950410695841,293.75684866722094,151.6118977045403,170.70862331286787
2023-Q1,262.98943256034045,293.0529163041015,131.8584790127753,146.93180420947533
2023-Q2,234.36240781563413,258.07628335144295,104.62036651983365,115.20634049614529
2023-Q3,195.99095108235616,213.96834608433093,94.51217179865701,103.1813610420165
2023-Q4,224.1329588502558,244.43624267687665,109.74611411563205,119.6875636694528
2024-Q1,228.71857390370124,246.86351116589492,101.21422456907729,109.24385558461839
2024-Q2,194.05088317512923,207.06216928792603,97.4994354512621,104.0368602222055
2024-Q3,176.78868804605332,188.0743864203931,88.4825289279006,94.13100759424462
2024-Q4,151.20404251949827,160.49544710238123,93.36576803529566,99.10304271758908
2025-Q1,150.91744157865793,158.55172927353303,88.26206666571572,92.72687870083843
2025-Q2,146.22159539412004,152.30175346034864,88.92345345227037,92.62105127513249
2025-Q3,142.95875391378385,147.83023485540383,83.72054406470725,86.57341612512855
2025-Q4,143.37763221193512,148.13948466886157,84.41500019058962,87.21858795987868
2026-Q1,152.74727835479243,156.27574437247662,91.50286191983344,93.61658035909132
2026-Q2,156.32979011529667,156.77361854760906,85.3629879179846,85.6053378954086
