year,real_index_1900_100,extended_by_newcastle
1850,94.96799264988618,0
1851,108.08413553321483,0
1852,104.16278321681361,0
1853,113.50059727255184,0
1854,128.8171430363601,0
1855,124.42971730400829,0
1856,122.91286599685591,0
1857,135.63810942225223,0
1858,126.40954435532656,0
1859,120.66766183781374,0
1860,115.8587721767675,0
1861,110.8259360471183,0
1862,117.22164835011651,0
1863,122.66870503074286,0
1864,121.77801719389123,0
1865,131.01677026378303,0
1866,103.37928553288486,0
1867,94.30957724666585,0
1868,93.54433511695495,0
1869,100.84696998947449,0
1870,99.89809285459091,0
1871,106.7267222554728,0
1872,102.58837352593721,0
1873,109.72004974105664,0
1874,115.0868328356534,0
1875,112.99628617223318,0
1876,103.28236865714256,0
1877,89.480365322224,0
1878,80.76287937572482,0
1879,79.27096273108941,0
1880,98.72506403787938,0
1881,88.45765737793994,0
1882,88.45765737793994,0
1883,86.2493068208825,0
1884,77.36390843646363,0
1885,94.89724331462529,0
1886,90.11260121457492,0
1887,94.22868346404137,0
1888,84.89070582346068,0
1889,86.86831666091757,0
1890,87.85321821036106,0
1891,87.85321821036106,0
1892,87.85321821036106,0
1893,86.1679604798871,0
1894,85.40167865707433,0
1895,82.69230769230768,0
1896,79.80769230769229,0
1897,78.8533295063146,0
1898,77.87983161117492,0
1899,84.69431687715272,0
1900,100.0,0
1901,99.73627707244212,0
1902,105.10975834716845,0
1903,113.77942104788532,0
1904,99.76379356448882,0
1905,97.2630534764181,0
1906,99.63170430486944,0
1907,97.94393312505277,0
1908,98.27526733356332,0
1909,94.95246816675387,0
1910,95.18082351958573,0
1911,94.33099473816085,0
1912,95.75490998363337,0
1913,96.20592948717945,0
1914,94.50464396284828,0
1915,90.80516506081186,0
1916,97.10092539039906,0
1917,137.9785191407656,0
1918,134.08673000306464,0
1919,112.65340151178297,0
1920,146.4618839244588,0
1921,126.36764073914912,0
1922,140.94995642401722,0
1923,122.88315082691183,0
1924,100.69725596041386,0
1925,91.08341743823773,0
1926,91.09300304215557,0
1927,89.6694123378061,0
1928,84.98585477569718,0
1929,81.33054919394675,0
1930,79.67526485490556,0
1931,79.14288600434364,0
1932,75.06053609640725,0
1933,80.92651946818614,0
1934,102.29361751019704,0
1935,100.90061067846936,0
1936,99.38949938949939,0
1937,105.739768587958,0
1938,108.32150461320084,0
1939,103.68278230049287,0
1940,106.55326498163278,0
1941,116.36769544101517,0
1942,113.32232184992921,0
1943,121.70186749666516,0
1944,129.85576923076923,0
1945,133.05769230769232,0
1946,137.7922998189119,0
1947,145.74753804834378,0
1948,162.19412854587284,0
1949,160.14836316723108,0
1950,157.3238602877901,0
1951,148.2185668724765,0
1952,144.4492811466177,0
1953,143.95208849895096,0
1954,131.656224302908,0
1955,131.27462210253202,0
1956,138.5200009703321,0
1957,140.94646586602946,0
1958,131.26395339495517,0
1959,128.04505214558125,0
1960,123.95117856003357,0
1961,119.84255240557759,0
1962,115.92000672351912,0
1963,112.01141864573793,0
1964,112.03865606333264,0
1965,109.91015593134006,0
1966,109.50429027006791,0
1967,108.2894932270467,0
1968,105.27698081885275,0
1969,106.71061300692371,0
1970,126.43756861058608,0
1971,137.19620366233192,0
1972,144.91019545397424,0
1973,152.74295815063934,0
1974,252.98514696620748,0
1975,286.520401165381,0
1976,275.3020310012633,0
1977,264.80542014376596,0
1978,270.589185642412,0
1979,293.34546907451886,0
1980,276.01294380713796,0
1981,270.11955131010603,0
1982,259.69792014055525,0
1983,243.47561990505193,0
1984,229.79800647585603,0
1985,222.98269070281816,0
1986,205.1159862035775,0
1987,193.433438543348,0
1988,182.25616962436186,0
1989,172.24383450650728,0
1990,163.59311712443207,0
1991,157.33032501377375,0
1992,148.78793256433008,0
1993,141.0647987701868,0
1994,135.0708470245775,0
1995,130.7346444331821,0
1996,125.04751899288912,0
1997,119.66867276026154,0
1998,118.93316832159952,0
1999,111.91826934855575,0
2000,109.3197917065513,0
2001,111.62089374689197,0
2002,115.12647266971096,0
2003,113.23897856801584,0
2004,126.10613042708631,0
2005,146.87922859088096,0
2006,152.0329732625651,0
2007,153.388173650269,0
2008,186.0584486179337,0
2009,201.432597420292,0
2010,264.3565249725732,0
2011,244.211125093597,0
2012,223.3468174445147,0
2013,205.66336248978115,0
2014,178.5709171777794,0
2015,138.29992144801415,0
2016,150.86262385858603,0
2017,183.99142376789052,0
2018,244.2742894483548,0
2019,177.73452466149453,0
2020,158.24463352796081,0
2021,341.53736725497083,1
2022,791.615402540651,1
2023,383.0023909341748,1
2024,292.4249882562251,1
2025,226.73620459237705,1
2026,267.5907516740444,1
