series,start,end,kind,p0,p1,months,change,complete,data_start,extreme_price,extreme_change,since_extreme,confirm_level,extreme_date
thermal_au,1970-12,1981-04,up,65.6,212.4,124,2.2356,True,False,,,,,
thermal_au,1981-04,2002-08,down,212.4,41.3,256,-0.8054,True,False,,,,,
thermal_au,2002-08,2004-07,up,41.3,108.6,23,1.6269,True,False,,,,,
thermal_au,2004-07,2005-11,down,108.6,64.6,16,-0.4052,True,False,,,,,
thermal_au,2005-11,2008-07,up,64.6,274.1,32,3.2441,True,False,,,,,
thermal_au,2008-07,2009-03,down,274.1,96.1,8,-0.6496,True,False,,,,,
thermal_au,2009-03,2011-01,up,96.1,201.5,22,1.098,True,False,,,,,
thermal_au,2011-01,2016-01,down,201.5,69.3,60,-0.6562,True,False,,,,,
thermal_au,2016-01,2018-07,up,69.3,159.0,30,1.2947,True,False,,,,,
thermal_au,2018-07,2020-08,down,159.0,64.6,25,-0.5939,True,False,,,,,
thermal_au,2020-08,2022-09,up,64.6,486.2,25,6.5301,True,False,,,,,
thermal_au,2022-09,2026-09,down,486.2,147.1,48,-0.6975,False,False,103.0,-0.7882,0.4287,153.6,2025-04
thermal_za,1984-07,1999-10,down,115.2,44.8,183,-0.611,True,False,,,,,
thermal_za,1999-10,2001-03,up,44.8,67.5,17,0.5061,True,False,,,,,
thermal_za,2001-03,2002-08,down,67.5,39.5,17,-0.4149,True,False,,,,,
thermal_za,2002-08,2004-07,up,39.5,121.2,23,2.0682,True,False,,,,,
thermal_za,2004-07,2005-11,down,121.2,64.6,16,-0.4669,True,False,,,,,
thermal_za,2005-11,2008-07,up,64.6,255.5,32,2.9564,True,False,,,,,
thermal_za,2008-07,2009-05,down,255.5,90.9,10,-0.6445,True,False,,,,,
thermal_za,2009-05,2011-01,up,90.9,186.5,20,1.0527,True,False,,,,,
thermal_za,2011-01,2015-12,down,186.5,69.1,59,-0.6294,True,False,,,,,
thermal_za,2015-12,2018-07,up,69.1,140.9,31,1.0387,True,False,,,,,
thermal_za,2018-07,2020-07,down,140.9,73.2,24,-0.4807,True,False,,,,,
thermal_za,2020-07,2022-04,up,73.2,349.9,21,3.7819,True,False,,,,,
thermal_za,2022-04,2026-09,down,349.9,98.2,53,-0.7194,False,False,93.3,-0.7333,0.0524,139.2,2026-01
met_us,2000-10,2011-07,up,79.9,328.7,129,3.1127,True,False,,,,,
met_us,2011-07,2016-01,down,328.7,106.3,54,-0.6765,True,False,,,,,
met_us,2016-01,2017-01,up,106.3,239.0,12,1.2475,True,False,,,,,
met_us,2017-01,2020-07,down,239.0,138.1,42,-0.4223,True,False,,,,,
met_us,2020-07,2022-04,up,138.1,434.0,21,2.144,True,False,,,,,
met_us,2022-04,2026-04,down,434.0,156.8,48,-0.6388,False,False,147.8,-0.6594,0.0605,220.5,2025-07
steam_us,2002-07,2003-07,down,80.6,51.1,12,-0.3668,True,False,,,,,
steam_us,2003-07,2005-01,up,51.1,106.3,18,1.0811,True,False,,,,,
steam_us,2005-01,2007-04,down,106.3,68.6,27,-0.3547,True,False,,,,,
steam_us,2007-04,2011-01,up,68.6,138.2,45,1.0163,True,False,,,,,
steam_us,2011-01,2016-07,down,138.2,67.0,66,-0.5154,True,False,,,,,
steam_us,2016-07,2022-07,up,67.0,174.6,72,1.6069,True,False,,,,,
steam_us,2022-07,2026-04,down,174.6,85.6,45,-0.5098,False,False,85.6,-0.5098,0.0,127.7,2026-04
