month,nominal_usd_t,real_usd_t
1970-01-01,7.8,69.12285714285716
1970-02-01,7.8,68.759052631579
1970-03-01,7.8,68.39905759162306
1970-04-01,7.8,67.86607792207793
1970-05-01,7.8,67.69025906735754
1970-06-01,7.8,67.34134020618559
1970-07-01,7.8,66.99600000000004
1970-08-01,7.8,66.99600000000004
1970-09-01,7.8,66.65418367346942
1970-10-01,7.8,66.31583756345181
1970-11-01,7.8,65.98090909090914
1970-12-01,7.8,65.64934673366838
1971-01-01,8.7,73.22427135678396
1971-02-01,8.7,73.04075187969927
1971-03-01,8.7,72.85815000000002
1971-04-01,8.7,72.67645885286787
1971-05-01,8.7,72.31578163771717
1971-06-01,8.7,71.78142857142858
1971-07-01,8.7,71.60506142506142
1971-08-01,8.7,71.42955882352945
1971-09-01,8.7,71.42955882352945
1971-10-01,8.7,71.25491442542791
1971-11-01,8.7,71.25491442542791
1971-12-01,8.7,70.90817518248177
1972-01-01,9.6,78.24350364963506
1972-02-01,9.6,77.86460048426154
1972-03-01,9.6,77.67652173913046
1972-04-01,9.6,77.4893493975904
1972-05-01,9.6,77.30307692307693
1972-06-01,9.6,77.11769784172664
1972-07-01,9.6,76.74959427207641
1972-08-01,9.6,76.56685714285716
1972-09-01,9.6,76.38498812351548
1972-10-01,9.6,76.02382978723409
1972-11-01,9.6,75.84452830188681
1972-12-01,9.6,75.66607058823531
1973-01-01,11.5,90.42887323943664
1973-02-01,11.5,89.79650349650355
1973-03-01,11.5,88.96697459584298
1973-04-01,11.5,88.35481651376148
1973-05-01,11.5,87.75102505694765
1973-06-01,11.5,87.15542986425343
1973-07-01,11.5,86.95869074492104
1973-08-01,11.5,85.41618625277165
1973-09-01,11.5,85.22721238938054
1973-10-01,11.5,84.47960526315791
1973-11-01,11.5,83.9274509803922
1973-12-01,11.5,83.38246753246756
1974-01-01,16.9,121.4841630901288
1974-02-01,16.9,119.93987288135597
1974-03-01,16.9,118.43435146443521
1974-04-01,16.9,117.94087500000002
1974-05-01,16.9,116.48481481481484
1974-06-01,16.9,115.533918367347
1974-07-01,16.9,114.59842105263161
1974-08-01,16.9,113.22324000000006
1974-09-01,16.9,111.88067193675893
1974-10-01,16.9,110.7859491193738
1974-11-01,16.9,109.92547572815538
1974-12-01,16.9,109.07826589595379
1975-01-01,26.8,172.31216890595013
1975-02-01,26.8,170.99931428571438
1975-03-01,26.8,170.35036053130938
1975-04-01,26.8,169.70631379962205
1975-05-01,26.8,168.74932330827076
1975-06-01,26.8,167.49000000000004
1975-07-01,26.8,165.63586715867163
1975-08-01,26.8,165.33082872928185
1975-09-01,26.8,164.42241758241767
1975-10-01,26.8,163.52393442622966
1975-11-01,26.8,162.34112115732376
1975-12-01,26.8,161.7561081081082
1976-01-01,27.2,163.87510791366918
1976-02-01,27.2,163.287741935484
1976-03-01,27.2,162.9956350626119
1976-04-01,27.2,162.41454545454548
1976-05-01,27.2,161.26470796460183
1976-06-01,27.2,160.41295774647892
1976-07-01,27.2,159.57015761821373
1976-08-01,27.2,158.73616724738682
1976-09-01,27.2,158.18500000000006
1976-10-01,27.2,157.3653886010363
1976-11-01,27.2,157.09406896551732
1976-12-01,27.2,156.55422680412374
1977-01-01,28.7,164.34061538461543
1977-02-01,28.7,162.6721827411168
1977-03-01,28.7,161.57858823529415
1977-04-01,28.7,160.23210000000012
1977-05-01,28.7,159.43492537313438
1977-06-01,28.7,158.38428336079085
1977-07-01,28.7,157.60534426229512
1977-08-01,28.7,157.09029411764715
1977-09-01,28.7,156.57859934853434
1977-10-01,28.7,156.07022727272727
1977-11-01,28.7,155.31382875605823
1977-12-01,28.7,154.8136231884059
1978-01-01,27.9,149.53507199999999
1978-02-01,27.1,144.3236565977743
1978-03-01,27.1,143.18545741324934
1978-04-01,27.1,142.06507042253534
1978-05-01,28.6,148.53376744186056
1978-06-01,30.2,155.1594478527608
1978-07-01,30.2,153.97863013698634
1978-08-01,30.2,153.2787272727274
1978-09-01,30.2,152.12625563909782
1978-10-01,30.2,150.76596125186296
1978-11-01,30.2,150.09489614243333
1978-12-01,30.2,149.4297784342689
1979-01-01,30.2,148.1170717423134
1979-02-01,30.2,146.40225759768455
1979-03-01,30.2,144.93404011461325
1979-04-01,30.2,143.29172804532587
1979-05-01,30.2,141.48805594405604
1979-06-01,30.2,139.9224896265561
1979-07-01,30.2,138.39119015047882
1979-08-01,31.3,142.07146341463422
1979-09-01,31.3,140.547908847185
1979-10-01,32.4,144.32648936170216
1979-11-01,32.4,142.99541501976287
1979-12-01,32.4,141.50393741851377
1980-01-01,32.4,139.50323907455012
1980-02-01,32.4,137.55832699619774
1980-03-01,32.4,135.49752808988765
1980-04-01,39.5,163.35444444444443
1980-05-01,40.1,164.2139119804401
1980-06-01,40.7,164.85714631197112
1980-07-01,40.7,164.85714631197112
1980-08-01,44.2,177.7444897959184
1980-09-01,44.6,177.8584285714287
1980-10-01,44.6,176.18051886792463
1980-11-01,45.0,176.30526315789476
1980-12-01,45.0,174.67091541135588
1981-01-01,45.0,173.26551724137937
1981-02-01,45.0,171.49146757679182
1981-03-01,45.0,170.32881355932219
1981-04-01,56.5,212.41717171717175
1981-05-01,56.5,210.76135857461028
1981-06-01,56.5,208.90033112582788
1981-07-01,56.5,206.61975982532755
1981-08-01,56.5,205.05276273022753
1981-09-01,56.5,203.0726394849785
1981-10-01,56.5,202.63779443254825
1981-11-01,56.5,201.9890074706512
1981-12-01,56.5,201.34436170212774
1982-01-01,55.6,197.50676564156956
1982-02-01,55.6,196.88042283298114
1982-03-01,55.6,197.08876190476195
1982-04-01,55.6,196.2580400421497
1982-05-01,55.6,194.41427974947825
1982-06-01,55.6,192.00915463917534
1982-07-01,55.6,191.0244923076924
1982-08-01,55.6,190.6334493346981
1982-09-01,55.6,190.24400408580195
1982-10-01,55.6,189.66281059063152
1982-11-01,55.6,190.04987755102042
1982-12-01,45.5,156.16383196721316
1983-01-01,43.0,147.2815950920246
1983-02-01,43.0,147.1311542390195
1983-03-01,43.0,147.1311542390195
1983-04-01,43.0,146.08661257606502
1983-05-01,43.0,145.2030241935484
1983-06-01,43.0,144.76522613065336
1983-07-01,34.8,116.68972972972975
1983-08-01,34.8,116.34035928143722
1983-09-01,34.8,115.76270109235354
1983-10-01,34.8,115.41885148514851
1983-11-01,32.0,105.92252964426882
1983-12-01,29.3,96.88957551826265
1984-01-01,29.3,96.31907752698729
1984-02-01,29.3,95.84876953125006
1984-03-01,29.3,95.66192982456147
1984-04-01,29.3,95.19800193986424
1984-05-01,29.3,94.92179883945848
1984-06-01,31.8,102.72289296046291
1984-07-01,31.8,102.32818443804037
1984-08-01,31.8,101.93649760765555
1984-09-01,31.8,101.4510857142858
1984-10-01,31.8,101.16205128205135
1984-11-01,32.8,104.34324786324792
1984-12-01,33.8,107.5244444444445
1985-01-01,33.8,107.32060663507112
1985-02-01,33.8,106.81437735849063
1985-03-01,33.8,106.4128195488722
1985-04-01,33.8,105.91509822263805
1985-05-01,33.8,105.52026095060582
1985-06-01,33.8,105.22605947955394
1985-07-01,33.8,105.03083487940633
1985-08-01,33.8,104.83633333333334
1985-09-01,33.8,104.5459279778394
1985-10-01,33.8,104.16121435142598
1985-11-01,33.8,103.8745321100918
1985-12-01,33.8,103.58942360475757
1986-01-01,33.8,103.30587591240878
1986-02-01,33.8,103.58942360475757
1986-03-01,30.8,94.82889705882354
1986-04-01,30.8,95.00353591160227
1986-05-01,30.8,94.74181818181823
1986-06-01,30.8,94.22268493150689
1986-07-01,30.8,94.22268493150689
1986-08-01,30.8,94.05090246125798
1986-09-01,30.8,93.62417422867516
1986-10-01,30.8,93.53929283771535
1986-11-01,30.8,93.4545652173913
1986-12-01,29.3,88.82275113122172
1987-01-01,29.3,88.26361510791374
1987-02-01,29.3,87.94725806451619
1987-03-01,29.3,87.55498661909016
1987-04-01,24.8,73.71343389529727
1987-05-01,24.8,73.45273209549073
1987-06-01,24.8,73.19386784140971
1987-07-01,27.0,79.47680140597544
1987-08-01,27.0,79.05996503496509
1987-09-01,27.0,78.64747826086959
1987-10-01,27.0,78.44284475281879
1987-11-01,29.0,84.18041594454075
1987-12-01,31.0,89.98596187175045
1988-01-01,31.0,89.75263612791707
1988-02-01,31.0,89.52051724137937
1988-03-01,33.0,94.88703862660945
1988-04-01,33.0,94.40085397096506
1988-05-01,33.0,94.07948936170219
1988-06-01,36.0,102.19728813559323
1988-07-01,36.0,101.7660759493671
1988-08-01,36.0,101.338487394958
1988-09-01,37.0,103.45792988313863
1988-10-01,37.0,103.11364392678875
1988-11-01,37.5,104.4201995012469
1988-12-01,38.0,105.63684647302912
1989-01-01,38.0,105.11345995045419
1989-02-01,38.0,104.68125000000003
1989-03-01,38.0,104.0820932134097
1989-04-01,38.0,103.4056864337937
1989-05-01,38.0,102.82100161550892
1989-06-01,38.0,102.57244157937154
1989-07-01,38.0,102.32508038585216
1989-08-01,38.0,102.1608346709471
1989-09-01,38.0,101.83392
1989-10-01,38.0,101.34745222929944
1989-11-01,38.0,101.10595710881658
1989-12-01,38.0,100.94559873116577
1990-01-01,38.0,99.91554160125595
1990-02-01,38.0,99.44718750000007
1990-03-01,38.0,98.90629370629372
1990-04-01,38.0,98.75283165244376
1990-05-01,40.5,105.0053405572756
1990-06-01,40.5,104.43949191685918
1990-07-01,40.5,104.03903374233133
1990-08-01,40.5,103.09034954407299
1990-09-01,40.5,102.23579502637529
1990-10-01,40.5,101.62314606741577
1990-11-01,40.5,101.39529147982064
1990-12-01,40.5,101.39529147982064
1991-01-01,40.5,100.79264487369989
1991-02-01,40.5,100.64310089020778
1991-03-01,39.5,98.01266666666668
1991-04-01,39.5,97.86767751479292
1991-05-01,39.5,97.57898230088504
1991-06-01,39.5,97.29198529411764
1991-07-01,39.5,97.14911894273136
1991-08-01,39.5,96.86464128843342
1991-09-01,39.5,96.44103498542283
1991-10-01,39.5,96.30065502183413
1991-11-01,39.5,96.02111756168362
1991-12-01,39.5,95.95148658448156
1992-01-01,39.5,95.8125271542361
1992-02-01,39.5,95.46688311688315
1992-03-01,39.5,94.9871500358938
1992-04-01,39.5,94.85096774193556
1992-05-01,39.5,94.71517537580534
1992-06-01,39.5,94.37738944365196
1992-07-01,39.5,94.17587188612099
1992-08-01,39.5,93.9085166784954
1992-09-01,39.5,93.6426751592357
1992-10-01,37.3,88.11533145275038
1992-11-01,35.0,82.5654929577465
1992-12-01,35.0,82.62367864693454
1993-01-01,35.0,82.21809256661996
1993-02-01,31.0,72.56729559748433
1993-03-01,31.0,72.3146239554318
1993-04-01,31.0,72.11375000000002
1993-05-01,31.0,72.01373092926492
1993-06-01,31.0,71.91398891966759
1993-07-01,31.0,71.91398891966759
1993-08-01,31.0,71.71533149171272
1993-09-01,31.0,71.56705720192976
1993-10-01,31.0,71.27234042553197
1993-11-01,31.0,71.22345679012349
1993-12-01,31.0,71.22345679012349
1994-01-01,31.0,71.02859097127224
1994-02-01,31.0,70.78650306748472
1994-03-01,29.5,67.13254076086957
1994-04-01,29.5,67.0414518317504
1994-05-01,31.4,71.3109966101695
1994-06-01,33.6,76.04951351351357
1994-07-01,33.1,74.71588948787067
1994-08-01,33.1,74.41502013422821
1994-09-01,33.1,74.21578313253015
1994-10-01,33.1,74.16614046822743
1994-11-01,33.1,74.06705410821644
1994-12-01,36.1,80.78008016032065
1995-01-01,37.1,82.68634730538926
1995-02-01,37.6,83.4675149105368
1995-03-01,38.4,84.96190224570672
1995-04-01,37.1,81.81539170506915
1995-05-01,38.8,85.39568988173457
1995-06-01,40.8,89.6208786885246
1995-07-01,41.1,90.27985573770493
1995-08-01,40.9,89.60550686723354
1995-09-01,40.9,89.43003916449092
1995-10-01,41.0,89.35705920624595
1995-11-01,39.6,86.36203125000004
1995-12-01,39.4,85.98183713355054
1996-01-01,39.4,85.48064766839381
1996-02-01,39.3,84.98846998063271
1996-03-01,39.0,83.90635838150293
1996-04-01,39.3,84.22721689059503
1996-05-01,38.2,81.71287356321845
1996-06-01,38.2,81.66072750478627
1996-07-01,38.4,81.93141401273891
1996-08-01,38.4,81.77515575333756
1996-09-01,38.1,80.87920152091256
1996-10-01,37.6,79.56568540745424
1996-11-01,35.7,75.40218158890298
1996-12-01,35.4,74.76854981084496
1997-01-01,35.2,74.11248271527347
1997-02-01,34.6,72.62097744360905
1997-03-01,34.5,72.23006250000006
1997-04-01,35.4,74.021797752809
1997-05-01,35.7,74.6957276702062
1997-06-01,34.5,72.09488459139115
1997-07-01,35.0,73.04859813084116
1997-08-01,36.9,76.87041044776122
1997-09-01,37.2,77.303076923077
1997-10-01,37.2,77.11173267326734
1997-11-01,33.6,69.69243343653255
1997-12-01,31.4,65.20999380037199
1998-01-01,31.4,65.08893564356435
1998-02-01,33.4,69.1064360716492
1998-03-01,31.9,65.8807768187423
1998-04-01,31.2,64.31616000000004
1998-05-01,30.3,62.345786240786246
1998-06-01,30.0,61.65276073619635
1998-07-01,30.0,61.577205882352985
1998-08-01,26.2,53.7116034271726
1998-09-01,27.1,55.48874083129584
1998-10-01,27.1,55.35340243902439
1998-11-01,26.1,53.31084146341463
1998-12-01,26.1,53.34336790726055
1999-01-01,26.1,53.21349969567864
1999-02-01,26.1,53.14880243161098
1999-03-01,26.1,52.987745454545504
1999-04-01,26.1,52.60516245487366
1999-05-01,26.1,52.60516245487366
1999-06-01,26.1,52.60516245487366
1999-07-01,26.1,52.44737852429517
1999-08-01,26.1,52.32183123877918
1999-09-01,26.1,52.072531268612266
1999-10-01,25.6,50.98387633769324
1999-11-01,25.1,49.95839572192517
1999-12-01,25.1,49.95839572192517
2000-01-01,25.1,49.810414691943144
2000-02-01,25.1,49.5170671378092
2000-03-01,25.1,49.11213785046732
2000-04-01,25.1,49.08346760070053
2000-05-01,25.6,50.00284548104957
2000-06-01,25.6,49.74180974477957
2000-07-01,25.6,49.626666666666665
2000-08-01,25.6,49.626666666666665
2000-09-01,27.2,52.4551295336788
2000-10-01,27.2,52.364689655172434
2000-11-01,27.2,52.33461229178637
2000-12-01,30.8,59.295310344827605
2001-01-01,32.1,61.409811536265025
2001-02-01,32.1,61.165290102389136
2001-03-01,32.6,61.977003405221346
2001-04-01,33.5,63.436009044657986
2001-05-01,33.8,63.715948227349465
2001-06-01,33.9,63.7967528089888
2001-07-01,34.0,64.16518309859157
2001-08-01,33.8,63.78774084507044
2001-09-01,32.8,61.62279304542905
2001-10-01,32.4,61.07682611142375
2001-11-01,29.4,55.5152874859076
2001-12-01,27.4,51.94370118845503
2002-01-01,27.4,51.82638057594581
2002-02-01,28.1,52.94115860517439
2002-03-01,27.8,52.08302013422819
2002-04-01,27.1,50.489199110122364
2002-05-01,26.9,50.1165850945495
2002-06-01,24.9,46.36465814341302
2002-07-01,23.2,43.15122709605777
2002-08-01,22.3,41.33953514111789
2002-09-01,22.7,42.01130386740332
2002-10-01,24.5,45.26756756756757
2002-11-01,24.5,45.26756756756757
2002-12-01,24.5,45.36766169154229
2003-01-01,24.9,45.90534947716018
2003-02-01,25.2,46.10320043691976
2003-03-01,24.4,44.37302931596094
2003-04-01,23.5,42.829325353645295
2003-05-01,23.3,42.534245231607635
2003-06-01,24.1,43.94675013609146
2003-07-01,24.4,44.44541598694943
2003-08-01,25.3,45.91004333694475
2003-09-01,26.7,48.29355291576676
2003-10-01,27.5,49.794324324324364
2003-11-01,29.9,54.2867317073171
2003-12-01,34.0,61.797721106890926
2004-01-01,37.8,68.37064794816418
2004-02-01,41.8,75.19959183673473
2004-03-01,48.9,87.40940234791894
2004-04-01,53.3,94.97039361702132
2004-05-01,56.4,99.90942358540458
2004-06-01,59.6,105.24411175540331
2004-07-01,61.4,108.59436114044357
2004-08-01,59.3,104.82487598944597
2004-09-01,55.4,97.72454976303324
2004-10-01,56.6,99.31832372970145
2004-11-01,52.8,92.60180104712045
2004-12-01,52.3,92.06229111928536
2005-01-01,53.0,93.09879391714736
2005-02-01,49.9,87.15068821689262
2005-03-01,50.9,88.2073564407657
2005-04-01,51.3,88.3066495375129
2005-05-01,51.3,88.39750000000004
2005-06-01,51.0,87.83537275064266
2005-07-01,50.9,87.25937563971341
2005-08-01,49.1,83.74500000000006
2005-09-01,45.3,76.33095573440644
2005-10-01,42.5,71.46912650602414
2005-11-01,38.1,64.58875506072876
2005-12-01,38.2,65.02152439024395
2006-01-01,43.2,72.9759757942512
2006-02-01,47.7,80.41543029693007
2006-03-01,49.8,83.49351351351353
2006-04-01,52.9,87.94264019851116
2006-05-01,52.6,87.0120888888889
2006-06-01,52.4,86.51035978314445
2006-07-01,52.8,86.91372972972972
2006-08-01,50.9,83.62178518881807
2006-09-01,47.1,77.76026614095619
2006-10-01,44.1,73.2042517343905
2006-11-01,46.0,76.47186104218362
2006-12-01,49.8,82.66602576808722
2007-01-01,51.3,84.89681645719706
2007-02-01,52.9,87.07876697182789
2007-03-01,55.4,90.37112859869889
2007-04-01,56.1,90.9223556506005
2007-05-01,56.0,90.20904164001752
2007-06-01,61.6,99.03801259407157
2007-07-01,67.3,108.22977546699698
2007-08-01,69.4,111.81198266616012
2007-09-01,68.4,109.89799031128592
2007-10-01,74.8,119.92430217865767
2007-11-01,84.6,134.83543870166574
2007-12-01,91.0,145.13312003656523
2008-01-01,91.8,145.68487777146112
2008-02-01,132.0,208.8749273712405
2008-03-01,118.3,185.58752950432734
2008-04-01,123.0,191.7976194355354
2008-05-01,133.2,205.96835185937456
2008-06-01,159.8,244.63498389050113
2008-07-01,180.0,274.1194013565857
2008-08-01,158.4,242.1917968286428
2008-09-01,150.0,229.6659246833622
2008-10-01,108.0,167.04686179717694
2008-11-01,92.3,145.55091914793465
2008-12-01,78.7,125.40159255665286
2009-01-01,79.4,125.96871314701421
2009-02-01,75.4,119.03075030750311
2009-03-01,61.0,96.0644824619551
2009-04-01,63.6,99.9096229600451
2009-05-01,64.5,101.03158199910224
2009-06-01,71.4,110.88710342941125
2009-07-01,73.8,114.79642072709206
2009-08-01,72.5,112.52189182427239
2009-09-01,67.6,104.85138144826341
2009-10-01,71.1,110.17396855354644
2009-11-01,78.8,122.01924837054507
2009-12-01,83.1,128.90468582859847
2010-01-01,97.0,149.95389663431587
2010-02-01,94.2,145.58904868022205
2010-03-01,94.4,145.30150575974938
2010-04-01,100.2,153.9615153502838
2010-05-01,100.1,153.68872205263594
2010-06-01,98.2,150.91889064758112
2010-07-01,96.0,147.50668544247773
2010-08-01,89.8,137.7899703177105
2010-09-01,94.9,145.53079807177292
2010-10-01,97.5,149.3319951899996
2010-11-01,107.2,164.11957788512962
2010-12-01,118.3,180.80260426409473
2011-01-01,132.5,201.54502481575497
2011-02-01,128.4,194.35012584214843
2011-03-01,126.1,189.02557424586195
2011-04-01,122.5,182.45422532080082
2011-05-01,119.1,176.55962011647887
2011-06-01,120.1,178.2329502662567
2011-07-01,120.8,179.11307442391626
2011-08-01,120.1,177.5854598424155
2011-09-01,123.1,181.74542617755824
2011-10-01,119.4,176.6470954549269
2011-11-01,113.8,168.5042832515582
2011-12-01,111.6,165.65532276932896
2012-01-01,116.5,172.1711336112766
2012-02-01,117.0,172.1520844405986
2012-03-01,107.5,156.981716886378
2012-04-01,103.6,150.83090162331314
2012-05-01,95.8,139.63877031525368
2012-06-01,87.2,127.29000601364842
2012-07-01,88.2,128.95993086109368
2012-08-01,91.0,132.31752894144006
2012-09-01,89.0,128.83456420938003
2012-10-01,81.9,118.60287830120579
2012-11-01,85.9,124.98765099621677
2012-12-01,92.9,135.53792013100988
2013-01-01,92.8,134.99280875455972
2013-02-01,94.9,136.926173513779
2013-03-01,91.0,130.9566831204651
2013-04-01,87.8,126.48310977891124
2013-05-01,87.7,126.1145163021315
2013-06-01,82.8,118.7831643141017
2013-07-01,77.3,110.84930392643719
2013-08-01,77.0,110.28643261201407
2013-09-01,77.6,111.01669449794791
2013-10-01,79.4,113.88511042792429
2013-11-01,82.3,118.28623283233728
2013-12-01,84.3,121.17114426579826
2014-01-01,81.6,116.85548658492795
2014-02-01,76.3,108.86304258010662
2014-03-01,73.3,103.91350568996968
2014-04-01,72.8,102.86555982992509
2014-05-01,73.7,103.77480453972265
2014-06-01,71.5,100.48992418489324
2014-07-01,68.8,96.732944386149
2014-08-01,68.9,97.03564401392464
2014-09-01,65.9,92.74078586402615
2014-10-01,63.7,89.87051505056169
2014-11-01,62.6,88.79804870612449
2014-12-01,62.4,89.01909612796622
2015-01-01,61.4,88.0066579092625
2015-02-01,69.1,98.61503395506175
2015-03-01,64.8,91.93120418094269
2015-04-01,56.2,79.56870485505011
2015-05-01,61.2,86.20834717520664
2015-06-01,59.0,82.81924923943383
2015-07-01,59.9,84.07695659825526
2015-08-01,59.1,83.07171150908881
2015-09-01,57.7,81.23030952531047
2015-10-01,54.3,76.47816581034152
2015-11-01,52.5,74.09937809687537
2015-12-01,52.2,73.92857414649615
2016-01-01,49.0,69.28202400850937
2016-02-01,50.3,71.0616293634627
2016-03-01,52.2,73.42967765776966
2016-04-01,50.7,70.98309377625274
2016-05-01,51.3,71.53371990892026
2016-06-01,52.9,73.52331361143155
2016-07-01,61.2,85.19696793390628
2016-08-01,67.4,93.74193789469756
2016-09-01,72.7,100.87084348128636
2016-10-01,94.2,130.53922367610016
2016-11-01,103.4,143.51150389678202
2016-12-01,88.2,122.37497929023498
2017-01-01,83.7,115.45849719361394
2017-02-01,80.0,110.00849743229766
2017-03-01,80.9,111.15574587470932
2017-04-01,83.7,114.66287971732841
2017-05-01,74.4,101.83551870814318
2017-06-01,81.1,110.90558674042173
2017-07-01,87.5,119.74030377554281
2017-08-01,98.6,134.5273807729748
2017-09-01,97.8,132.73307160307758
2017-10-01,97.1,131.86638450031018
2017-11-01,96.6,131.1841698794741
2017-12-01,100.8,136.96834385293118
2018-01-01,106.5,143.9294863777752
2018-02-01,106.0,142.60708218369342
2018-03-01,96.7,129.80183046555058
2018-04-01,93.7,125.27689925203359
2018-05-01,105.3,140.2030065026949
2018-06-01,114.3,151.94398961859457
2018-07-01,119.6,158.97878621937588
2018-08-01,117.3,155.83492896972402
2018-09-01,114.2,151.54043551115328
2018-10-01,108.7,143.9876861023787
2018-11-01,100.7,133.83888937382468
2018-12-01,101.4,135.20107629172924
2019-01-01,98.6,131.2175343249428
2019-02-01,95.4,126.42454979903165
2019-03-01,93.1,122.68447140463103
2019-04-01,86.8,113.78004914927924
2019-05-01,82.3,107.65214844665199
2019-06-01,72.5,94.81442007003909
2019-07-01,72.1,94.13401358688245
2019-08-01,65.6,85.65193055761276
2019-09-01,66.0,86.10673822533978
2019-10-01,69.2,90.07568021263202
2019-11-01,67.0,87.25879443874219
2019-12-01,66.2,86.29540731747186
2020-01-01,69.7,90.50670811835447
2020-02-01,67.6,87.53990675666279
2020-03-01,66.7,86.56283439552145
2020-04-01,58.6,76.56267624586081
2020-05-01,52.5,68.5915037013347
2020-06-01,52.2,67.82839210696791
2020-07-01,51.6,66.71131334884858
2020-08-01,50.1,64.56843312121521
2020-09-01,54.6,70.27012448132787
2020-10-01,58.4,75.12954514032909
2020-11-01,64.4,82.89895438248622
2020-12-01,83.0,106.7413254297934
2021-01-01,86.8,111.15544647567498
2021-02-01,86.7,110.42289003627182
2021-03-01,94.9,120.01646802100602
2021-04-01,92.2,115.65135141207408
2021-05-01,107.0,133.14831256152613
2021-06-01,130.0,160.2798716212237
2021-07-01,152.0,186.5069614619621
2021-08-01,169.6,207.67346938775518
2021-09-01,185.7,226.77184936750393
2021-10-01,224.5,271.89443542584854
2021-11-01,157.5,189.81733993408855
2021-12-01,169.7,203.89418296855843
2022-01-01,197.0,234.72000512185767
2022-02-01,219.8,259.51516305037444
2022-03-01,314.0,365.85132728588144
2022-04-01,310.9,360.2284328747983
2022-05-01,371.9,426.2085762377867
2022-06-01,374.1,422.92057331654956
2022-07-01,402.2,454.74137628427553
2022-08-01,407.0,460.33156521063853
2022-09-01,430.8,486.20449583569183
2022-10-01,389.8,438.1541817108038
2022-11-01,342.2,385.0383627074582
2022-12-01,379.2,427.9841642604207
2023-01-01,318.0,356.0639101514191
2023-02-01,207.5,231.04756681292395
2023-03-01,187.2,207.75605295590992
2023-04-01,194.3,214.55027145696747
2023-05-01,160.5,176.78236394664086
2023-06-01,139.4,153.04763871272237
2023-07-01,140.6,154.07122878985646
2023-08-01,152.6,166.4938734830276
2023-09-01,162.5,176.85573558509245
2023-10-01,142.1,154.7128523650264
2023-11-01,126.8,138.33357976362242
2023-12-01,141.8,154.8517796483084
2024-01-01,124.9,135.65724976249692
2024-02-01,124.2,134.06712940585066
2024-03-01,131.5,141.03540463353102
2024-04-01,135.0,144.22767805886184
2024-05-01,142.0,151.45448930012205
2024-06-01,135.1,144.04646455001193
2024-07-01,137.6,146.54176893240924
2024-08-01,145.8,155.14836274920907
2024-09-01,139.2,147.88794199828106
2024-10-01,146.6,155.57069542298152
2024-11-01,142.1,150.8770654182502
2024-12-01,129.8,137.768425722026
2025-01-01,118.6,125.06218068378925
2025-02-01,106.9,112.226205176099
2025-03-01,104.0,108.93692600664798
2025-04-01,98.6,102.9599214451597
2025-05-01,104.4,108.78917456021654
2025-06-01,109.0,113.19663567511266
2025-07-01,112.9,117.07003912731237
2025-08-01,112.2,116.01092673531376
2025-09-01,106.3,109.63169334975376
2025-10-01,107.5,110.98520208887003
2025-11-01,112.6,116.37206977619543
2025-12-01,107.7,111.33127812031331
2026-01-01,109.8,113.08402100525134
2026-02-01,118.4,121.36919381244554
2026-03-01,138.6,140.60084854321312
2026-04-01,130.9,131.67041619121977
2026-05-01,136.9,136.84158353798463
2026-06-01,138.5,138.9263427079341
2026-07-01,131.9,132.31949760120756
2026-08-01,135.2,135.2
2026-09-01,147.1,147.1
