year,nominal_usd_t,real_usd_t
1949,5.401325423529501,75.99591139127389
1950,5.357232971092525,74.56645016578565
1951,5.445417875966476,70.27053920094707
1952,5.423371649747988,68.42640434021024
1953,5.445417875966476,68.14842142308535
1954,5.004493351596721,62.43594722226705
1955,4.971424012268989,62.19710982744601
1956,5.324163631764794,65.60962599761758
1957,5.610764572605134,66.90574606459573
1958,5.368256084201769,62.313315267198696
1959,5.280071179327818,60.67644060553115
1960,5.191886274453867,58.805682644684936
1961,5.070632030252184,56.823874574648805
1962,4.960400899159746,54.93008572563743
1963,4.850169768067307,53.05175082145917
1964,4.91630844672277,53.09613122460594
1965,4.905285333613526,52.15040934315344
1966,5.026539577815208,51.87543705601661
1967,5.11472448268916,51.36139117295674
1968,5.180863161344623,49.894169864510474
1969,5.533602780840426,50.53102025059319
1970,6.944561258823644,59.91729891772687
1971,7.859479646890885,65.0200080374277
1972,8.575981998991738,68.69946074186336
1973,9.60113151815142,72.43664495383702
1974,17.64800408789945,119.89308925532318
1975,21.814740843193636,135.7851078535709
1976,22.16748046268944,130.4846262479141
1977,22.696589891933147,125.44320663274746
1978,24.95632807932814,128.1533589169138
1979,30.10412190134503,138.94975893231228
1980,32.1544209396644,130.70386805180038
1981,34.73382940722746,127.96412620107844
1982,35.43930864621907,123.02030684259553
1983,34.292904882857705,115.33571563915342
1984,33.763795453614,108.87402086685343
1985,33.92914215025266,105.66083703896784
1986,31.790658207059344,97.15716280271339
1987,31.074155854958494,91.61030343933115
1988,30.489930860168567,86.36615071134611
1989,30.203329919328226,81.61477378093498
1990,30.236399258655958,77.519655771398
1991,30.30253793731142,74.53278461658633
1992,29.519896906555108,70.47327520435563
1993,28.82544078067274,66.84243082348837
1994,28.307354464538278,63.97299779747706
1995,28.175077107227352,61.9364803415445
1996,27.745175695966843,59.254567769429244
1997,27.16095070117692,56.681810399004775
1998,27.414482302689528,56.33640375290593
1999,26.36728655731136,53.02424524069136
2000,26.620818158823965,51.785375533349914
2001,28.29633135142904,53.53184342677919
2002,29.255342191933252,54.48202655985436
2003,29.50887379344586,53.734355841423316
2004,33.89607281092493,60.11386113228785
2005,40.454825110925036,69.3913752028556
2006,43.662551025715004,72.55300570920102
2007,45.45931846252176,73.44354687954046
2008,56.647778268404295,88.13586820566448
2009,61.11213907764806,95.42104321506572
2010,67.10871260907673,103.09337095275528
2011,75.50832479832057,112.44719634986394
2012,72.79663897344658,106.21108118787326
2013,66.81108855512714,96.07082181816679
2014,61.71841029865648,87.33111367370547
2015,56.846194304370684,80.34165552714828
2016,53.35186744874037,74.46364542438964
2017,61.28850888739596,83.7567705848332
2018,65.51036120823638,87.3917308670149
2019,64.95920555277418,85.11403643118108
2020,55.17068111176561,71.40756327033515
2021,67.99056165781624,84.0517376723243
2022,107.98241601815303,123.59932349594078
2023,106.07541745025385,116.61620838580936
2024,95.59243688336291,102.08063247556548
