key,name,group,unit,freq,nominal,cycles,stage,stage_label,stance,stance_label,level,last,last_date,pct_all,pct_recent,median_all,hist_from,chg12,short_history
coal_au,"Уголь энергетический, Австралия",Уголь,$/т,M,147.1,10,rebound,Отскок со дна,wait,Наблюдать,Дорого,147.1,2026-09,77.2,69.7,101.84,1970-01,0.3418,
coal_za,"Уголь энергетический, ЮАР",Уголь,$/т,M,98.2,11,late_down,Зрелый спад,wait,Наблюдать,Средне,98.2,2026-09,62.2,30.7,86.54,1984-01,0.0316,
met_us,Уголь коксующийся (экспорт США),Уголь,$/т,Q,156.3,4,late_down,Зрелый спад,buy,Окно покупки,Средне,156.77,2026-Q2,38.7,23.5,166.59,2000-Q1,0.0294,True
brent,Нефть Brent,Энергия,$/барр.,M,116.8,16,up,Ранний рост,wait,Наблюдать,Дорого,116.8,2026-09,82.7,68.0,68.85,1970-01,0.6654,
gas_eu,"Газ, Европа",Энергия,$/млн БТЕ,M,25.42,16,late_up,Зрелый рост,sell,Окно продажи,Дорого,25.42,2026-09,97.5,92.9,9.8,1970-01,1.2165,
lng_jp,"СПГ, Япония",Энергия,$/млн БТЕ,M,14.25,8,rebound,Отскок со дна,wait,Наблюдать,Средне,14.25,2026-09,62.3,51.5,12.45,1977-01,0.2046,
gas_us,"Газ, США",Энергия,$/млн БТЕ,M,2.95,23,late_down,Зрелый спад,buy,Окно покупки,Дёшево,2.95,2026-09,16.9,17.0,4.73,1970-01,-0.0369,
iron_ore,Железная руда,Металлы,$/сух. т,M,97.7,7,late_down,Зрелый спад,buy,Окно покупки,Средне,97.7,2026-09,53.0,17.4,92.64,1970-01,-0.083,
copper,Медь,Металлы,$/т,M,14474.0,18,late_up,Зрелый рост,sell,Окно продажи,Дорого,14474.0,2026-09,97.5,98.8,7454.07,1970-01,0.4057,
aluminum,Алюминий,Металлы,$/т,M,3283.0,14,late_up,Зрелый рост,wait,Наблюдать,Средне,3283.0,2026-09,49.6,78.0,3288.08,1970-01,0.1999,
nickel,Никель,Металлы,$/т,M,16324.0,17,late_down,Зрелый спад,buy,Окно покупки,Дёшево,16324.0,2026-09,30.5,21.6,20394.37,1970-01,0.0478,
zinc,Цинк,Металлы,$/т,M,4021.0,18,late_up,Зрелый рост,sell,Окно продажи,Дорого,4021.0,2026-09,84.9,85.1,2899.22,1970-01,0.3293,
lead,Свинец,Металлы,$/т,M,1873.0,15,late_down,Зрелый спад,buy,Окно покупки,Средне,1873.0,2026-09,38.9,2.1,2205.09,1970-01,-0.0711,
tin,Олово,Металлы,$/т,M,53712.0,18,late_up,Зрелый рост,sell,Окно продажи,Дорого,53712.0,2026-09,91.0,99.2,27116.68,1970-01,0.5103,
gold,Золото,Драгметаллы,$/унц.,M,4319.0,10,late_up,Зрелый рост,sell,Окно продажи,Дорого,4319.0,2026-09,98.8,96.7,1087.82,1970-01,0.1417,
silver,Серебро,Драгметаллы,$/унц.,M,64.6,19,down,Спад,wait,Наблюдать,Дорого,64.6,2026-09,97.4,96.7,21.33,1970-01,0.4635,
platinum,Платина,Драгметаллы,$/унц.,M,1784.0,15,down,Спад,wait,Наблюдать,Дорого,1784.0,2026-09,80.6,59.8,1210.08,1970-01,0.2054,
potash,Калий хлористый,Удобрения,$/т,M,367.5,10,rebound,Отскок со дна,wait,Наблюдать,Дорого,367.5,2026-09,70.8,38.2,286.47,1970-01,0.0109,
phosrock,Фосфорит,Удобрения,$/т,M,170.0,10,down,Спад,wait,Наблюдать,Дорого,170.0,2026-09,75.8,63.1,110.33,1970-01,0.0809,
urea,Карбамид,Удобрения,$/т,M,407.5,23,down,Спад,wait,Наблюдать,Средне,407.5,2026-09,61.2,49.0,363.99,1970-01,-0.1431,
